-- phpMyAdmin SQL Dump
-- version 4.8.1
-- https://www.phpmyadmin.net/
--
-- Servidor: 127.0.0.1
-- Tiempo de generación: 29-06-2018 a las 16:02:00
-- Versión del servidor: 10.1.33-MariaDB
-- Versión de PHP: 7.2.6

SET SQL_MODE = "NO_AUTO_VALUE_ON_ZERO";
SET AUTOCOMMIT = 0;
START TRANSACTION;
SET time_zone = "+00:00";


/*!40101 SET @OLD_CHARACTER_SET_CLIENT=@@CHARACTER_SET_CLIENT */;
/*!40101 SET @OLD_CHARACTER_SET_RESULTS=@@CHARACTER_SET_RESULTS */;
/*!40101 SET @OLD_COLLATION_CONNECTION=@@COLLATION_CONNECTION */;
/*!40101 SET NAMES utf8mb4 */;

--
-- Base de datos: `proyecto_bd`
--

--
-- Volcado de datos para la tabla `centro_votacion`
--

INSERT INTO `centro_votacion` (`id_centro_vot`, `nombre`, `id_municipio`) VALUES
(1, 'Non Hendrerit Id Foundation', 191),
(2, 'Nibh Quisque Nonummy PC', 197),
(3, 'Diam Vel Corp.', 19),
(4, 'Risus Quisque Libero Limited', 182),
(5, 'Facilisi Corporation', 122),
(6, 'Tortor Inc.', 23),
(7, 'Phasellus Industries', 26),
(8, 'Sit Amet Risus Associates', 4),
(9, 'Pede Ac Urna Consulting', 154),
(10, 'Vitae Aliquam Eros Foundation', 7),
(11, 'Ipsum Institute', 240),
(12, 'Tempor Bibendum Corporation', 169),
(13, 'Sit Amet Incorporated', 218),
(14, 'Iaculis Quis Pede Company', 104),
(15, 'Mauris Foundation', 247),
(16, 'Neque Vitae Foundation', 101),
(17, 'Orci In Foundation', 89),
(18, 'Nostra LLP', 69),
(19, 'Quisque Limited', 252),
(20, 'A Facilisis Non Associates', 135),
(21, 'Purus Corporation', 43),
(22, 'Dui Nec Ltd', 88),
(23, 'Magna Duis Dignissim Corporation', 97),
(24, 'Sed Diam Lorem Inc.', 163),
(25, 'Hendrerit A Corp.', 57),
(26, 'Semper Tellus Id Consulting', 252),
(27, 'Enim Consequat Purus Associates', 62),
(28, 'Adipiscing Elit Curabitur Industries', 124),
(29, 'Fermentum Metus Aenean Associates', 134),
(30, 'Ipsum Suspendisse Industries', 139),
(31, 'A Magna Lorem Industries', 182),
(32, 'Nunc Industries', 41),
(33, 'Feugiat Lorem Ipsum Industries', 195),
(34, 'Faucibus Lectus A Ltd', 133),
(35, 'Pellentesque Sed LLC', 118),
(36, 'Bibendum Fermentum Foundation', 194),
(37, 'Mauris Vel Turpis Associates', 172),
(38, 'Aliquam Eu Accumsan Institute', 21),
(39, 'Aliquet Nec Industries', 76),
(40, 'Odio Limited', 168),
(41, 'Eu Odio LLC', 7),
(42, 'Accumsan Consulting', 6),
(43, 'Praesent Consulting', 202),
(44, 'Rutrum Fusce Incorporated', 138),
(45, 'A Facilisis Limited', 41),
(46, 'Justo Proin Non Associates', 259),
(47, 'Venenatis PC', 226),
(48, 'Odio Incorporated', 255),
(49, 'Urna Ut Tincidunt Industries', 83),
(50, 'Nam LLP', 63),
(51, 'Phasellus LLP', 13),
(52, 'Et Nunc Quisque Associates', 259),
(53, 'Porttitor Institute', 114),
(54, 'Ligula Institute', 180),
(55, 'Non Sollicitudin A Consulting', 16),
(56, 'Dui Fusce Inc.', 70),
(57, 'Curabitur Ut Incorporated', 256),
(58, 'Risus Nulla Foundation', 143),
(59, 'Ut Cursus Corp.', 120),
(60, 'Posuere Cubilia Limited', 96),
(61, 'Sit Amet Limited', 4),
(62, 'Ipsum Dolor Ltd', 189),
(63, 'Enim Foundation', 114),
(64, 'Tincidunt PC', 79),
(65, 'Fringilla Porttitor Vulputate Corp.', 216),
(66, 'Sociis Natoque Penatibus Corporation', 18),
(67, 'A PC', 26),
(68, 'Morbi Tristique Incorporated', 110),
(69, 'Ipsum Non Foundation', 52),
(70, 'Conubia Nostra Associates', 227),
(71, 'Proin Industries', 237),
(72, 'Ipsum Phasellus Institute', 62),
(73, 'Arcu Ac Ltd', 183),
(74, 'Non Quam Pellentesque Foundation', 217),
(75, 'Egestas PC', 250),
(76, 'Mauris Blandit Company', 254),
(77, 'Sit Amet Massa Institute', 5),
(78, 'Arcu Sed Et Foundation', 235),
(79, 'Orci Ut Semper Consulting', 157),
(80, 'Sed Company', 164),
(81, 'Integer Aliquam Consulting', 13),
(82, 'Pretium Et Rutrum Limited', 171),
(83, 'Non Ante Bibendum Corp.', 234),
(84, 'Dolor Dapibus Corporation', 233),
(85, 'Consectetuer Adipiscing Limited', 195),
(86, 'Et Associates', 8),
(87, 'Ut Aliquam Iaculis Consulting', 174),
(88, 'Parturient Corporation', 44),
(89, 'Magnis Consulting', 208),
(90, 'Nisi Nibh Consulting', 49),
(91, 'Elit Pede Malesuada PC', 206),
(92, 'Dui Limited', 108),
(93, 'Vitae Semper Limited', 202),
(94, 'Magnis Dis LLP', 44),
(95, 'Torquent Per Incorporated', 254),
(96, 'Orci Incorporated', 146),
(97, 'Purus Gravida Consulting', 136),
(98, 'Augue Inc.', 1),
(99, 'In Tincidunt Congue Associates', 86),
(100, 'Commodo Limited', 157);

--
-- Volcado de datos para la tabla `compania`
--

INSERT INTO `compania` (`id_compania`, `nombre`) VALUES
(1, 'Tigo'),
(2, 'Claro'),
(3, 'Movistar');

--
-- Volcado de datos para la tabla `departamento`
--

INSERT INTO `departamento` (`id_Departamento`, `nombre`) VALUES
(1, 'Ahuachapán'),
(2, 'Santa Ana'),
(3, 'Sonsonate'),
(4, 'La Libertad'),
(5, 'Chalatenango'),
(6, 'San Salvador'),
(7, 'Cuscatlán'),
(8, 'La Paz'),
(9, 'Cabañas'),
(10, 'San Vicente'),
(11, 'Usulután'),
(12, 'Morazán'),
(13, 'San Miguel'),
(14, 'La Unión');

--
-- Volcado de datos para la tabla `dui`
--

INSERT INTO `dui` (`num_Dui`, `fecha_Expedicion`, `id_municipio`) VALUES
('01434526-1', '0000-00-00', 201),
('02313421-8', '0000-00-00', 83),
('03423524-6', '0000-00-00', 12),
('03434521-5', '0000-00-00', 112),
('03543151-3', '0000-00-00', 144),
('03543275-8', '0000-00-00', 195),
('03543475-1', '0000-00-00', 207),
('04334621-5', '0000-00-00', 69),
('04564217-4', '0000-00-00', 139),
('05427121-1', '0000-00-00', 121),
('05431175-4', '0000-00-00', 4),
('05935461-3', '0000-00-00', 126),
('12934234-2', '0000-00-00', 51),
('65341411-5', '0000-00-00', 102),
('65432432-8', '0000-00-00', 98);

--
-- Volcado de datos para la tabla `formulario`
--

INSERT INTO `formulario` (`id_formulario`, `id_num_JRV`, `id_grupo`) VALUES
(1, 56, 20),
(2, 83, 25),
(3, 74, 51),
(4, 94, 19),
(5, 63, 15),
(6, 8, 15),
(7, 66, 18),
(8, 16, 1),
(9, 30, 13),
(10, 25, 83),
(11, 52, 83),
(12, 44, 17),
(13, 58, 57),
(14, 25, 74),
(15, 18, 21);

--
-- Volcado de datos para la tabla `formuxpregun`
--

INSERT INTO `formuxpregun` (`id_formulario`, `id_pregunta`) VALUES
(1, 1),
(1, 2),
(1, 3),
(1, 4),
(1, 5),
(1, 6),
(1, 7),
(1, 8),
(1, 9),
(1, 10),
(1, 11),
(1, 12),
(1, 13),
(1, 14),
(1, 15),
(1, 16),
(1, 17),
(1, 18),
(1, 19),
(1, 20),
(1, 21),
(1, 22),
(1, 23),
(1, 24),
(1, 25),
(1, 26),
(1, 27),
(1, 28),
(1, 29),
(1, 30),
(1, 31),
(1, 32),
(1, 33),
(1, 34),
(1, 35),
(1, 36),
(1, 37),
(1, 38),
(1, 39),
(1, 40),
(1, 41),
(1, 42),
(1, 43),
(1, 44),
(1, 45),
(1, 46),
(1, 47),
(1, 48),
(1, 49),
(1, 50),
(2, 1),
(2, 2),
(2, 3),
(2, 4),
(2, 5),
(2, 6),
(2, 7),
(2, 8),
(2, 9),
(2, 10),
(2, 11),
(2, 12),
(2, 13),
(2, 14),
(2, 15),
(2, 16),
(2, 17),
(2, 18),
(2, 19),
(2, 20),
(2, 21),
(2, 22),
(2, 23),
(2, 24),
(2, 25),
(2, 26),
(2, 27),
(2, 28),
(2, 29),
(2, 30),
(2, 31),
(2, 32),
(2, 33),
(2, 34),
(2, 35),
(2, 36),
(2, 37),
(2, 38),
(2, 39),
(2, 40),
(2, 41),
(2, 42),
(2, 43),
(2, 44),
(2, 45),
(2, 46),
(2, 47),
(2, 48),
(2, 49),
(2, 50),
(3, 1),
(3, 2),
(3, 3),
(3, 4),
(3, 5),
(3, 6),
(3, 7),
(3, 8),
(3, 9),
(3, 10),
(3, 11),
(3, 12),
(3, 13),
(3, 14),
(3, 15),
(3, 16),
(3, 17),
(3, 18),
(3, 19),
(3, 20),
(3, 21),
(3, 22),
(3, 23),
(3, 24),
(3, 25),
(3, 26),
(3, 27),
(3, 28),
(3, 29),
(3, 30),
(3, 31),
(3, 32),
(3, 33),
(3, 34),
(3, 35),
(3, 36),
(3, 37),
(3, 38),
(3, 39),
(3, 40),
(3, 41),
(3, 42),
(3, 43),
(3, 44),
(3, 45),
(3, 46),
(3, 47),
(3, 48),
(3, 49),
(3, 50),
(4, 1),
(4, 2),
(4, 3),
(4, 4),
(4, 5),
(4, 6),
(4, 7),
(4, 8),
(4, 9),
(4, 10),
(4, 11),
(4, 12),
(4, 13),
(4, 14),
(4, 15),
(4, 16),
(4, 17),
(4, 18),
(4, 19),
(4, 20),
(4, 21),
(4, 22),
(4, 23),
(4, 24),
(4, 25),
(4, 26),
(4, 27),
(4, 28),
(4, 29),
(4, 30),
(4, 31),
(4, 32),
(4, 33),
(4, 34),
(4, 35),
(4, 36),
(4, 37),
(4, 38),
(4, 39),
(4, 40),
(4, 41),
(4, 42),
(4, 43),
(4, 44),
(4, 45),
(4, 46),
(4, 47),
(4, 48),
(4, 49),
(4, 50),
(5, 1),
(5, 2),
(5, 3),
(5, 4),
(5, 5),
(5, 6),
(5, 7),
(5, 8),
(5, 9),
(5, 10),
(5, 11),
(5, 12),
(5, 13),
(5, 14),
(5, 15),
(5, 16),
(5, 17),
(5, 18),
(5, 19),
(5, 20),
(5, 21),
(5, 22),
(5, 23),
(5, 24),
(5, 25),
(5, 26),
(5, 27),
(5, 28),
(5, 29),
(5, 30),
(5, 31),
(5, 32),
(5, 33),
(5, 34),
(5, 35),
(5, 36),
(5, 37),
(5, 38),
(5, 39),
(5, 40),
(5, 41),
(5, 42),
(5, 43),
(5, 44),
(5, 45),
(5, 46),
(5, 47),
(5, 48),
(5, 49),
(5, 50),
(6, 1),
(6, 2),
(6, 3),
(6, 4),
(6, 5),
(6, 6),
(6, 7),
(6, 8),
(6, 9),
(6, 10),
(6, 11),
(6, 12),
(6, 13),
(6, 14),
(6, 15),
(6, 16),
(6, 17),
(6, 18),
(6, 19),
(6, 20),
(6, 21),
(6, 22),
(6, 23),
(6, 24),
(6, 25),
(6, 26),
(6, 27),
(6, 28),
(6, 29),
(6, 30),
(6, 31),
(6, 32),
(6, 33),
(6, 34),
(6, 35),
(6, 36),
(6, 37),
(6, 38),
(6, 39),
(6, 40),
(6, 41),
(6, 42),
(6, 43),
(6, 44),
(6, 45),
(6, 46),
(6, 47),
(6, 48),
(6, 49),
(6, 50),
(7, 1),
(7, 2),
(7, 3),
(7, 4),
(7, 5),
(7, 6),
(7, 7),
(7, 8),
(7, 9),
(7, 10),
(7, 11),
(7, 12),
(7, 13),
(7, 14),
(7, 15),
(7, 16),
(7, 17),
(7, 18),
(7, 19),
(7, 20),
(7, 21),
(7, 22),
(7, 23),
(7, 24),
(7, 25),
(7, 26),
(7, 27),
(7, 28),
(7, 29),
(7, 30),
(7, 31),
(7, 32),
(7, 33),
(7, 34),
(7, 35),
(7, 36),
(7, 37),
(7, 38),
(7, 39),
(7, 40),
(7, 41),
(7, 42),
(7, 43),
(7, 44),
(7, 45),
(7, 46),
(7, 47),
(7, 48),
(7, 49),
(7, 50),
(8, 1),
(8, 2),
(8, 3),
(8, 4),
(8, 5),
(8, 6),
(8, 7),
(8, 8),
(8, 9),
(8, 10),
(8, 11),
(8, 12),
(8, 13),
(8, 14),
(8, 15),
(8, 16),
(8, 17),
(8, 18),
(8, 19),
(8, 20),
(8, 21),
(8, 22),
(8, 23),
(8, 24),
(8, 25),
(8, 26),
(8, 27),
(8, 28),
(8, 29),
(8, 30),
(8, 31),
(8, 32),
(8, 33),
(8, 34),
(8, 35),
(8, 36),
(8, 37),
(8, 38),
(8, 39),
(8, 40),
(8, 41),
(8, 42),
(8, 43),
(8, 44),
(8, 45),
(8, 46),
(8, 47),
(8, 48),
(8, 49),
(8, 50),
(9, 1),
(9, 2),
(9, 3),
(9, 4),
(9, 5),
(9, 6),
(9, 7),
(9, 8),
(9, 9),
(9, 10),
(9, 11),
(9, 12),
(9, 13),
(9, 14),
(9, 15),
(9, 16),
(9, 17),
(9, 18),
(9, 19),
(9, 20),
(9, 21),
(9, 22),
(9, 23),
(9, 24),
(9, 25),
(9, 26),
(9, 27),
(9, 28),
(9, 29),
(9, 30),
(9, 31),
(9, 32),
(9, 33),
(9, 34),
(9, 35),
(9, 36),
(9, 37),
(9, 38),
(9, 39),
(9, 40),
(9, 41),
(9, 42),
(9, 43),
(9, 44),
(9, 45),
(9, 46),
(9, 47),
(9, 48),
(9, 49),
(9, 50),
(10, 1),
(10, 2),
(10, 3),
(10, 4),
(10, 5),
(10, 6),
(10, 7),
(10, 8),
(10, 9),
(10, 10),
(10, 11),
(10, 12),
(10, 13),
(10, 14),
(10, 15),
(10, 16),
(10, 17),
(10, 18),
(10, 19),
(10, 20),
(10, 21),
(10, 22),
(10, 23),
(10, 24),
(10, 25),
(10, 26),
(10, 27),
(10, 28),
(10, 29),
(10, 30),
(10, 31),
(10, 32),
(10, 33),
(10, 34),
(10, 35),
(10, 36),
(10, 37),
(10, 38),
(10, 39),
(10, 40),
(10, 41),
(10, 42),
(10, 43),
(10, 44),
(10, 45),
(10, 46),
(10, 47),
(10, 48),
(10, 49),
(10, 50),
(11, 1),
(11, 2),
(11, 3),
(11, 4),
(11, 5),
(11, 6),
(11, 7),
(11, 8),
(11, 9),
(11, 10),
(11, 11),
(11, 12),
(11, 13),
(11, 14),
(11, 15),
(11, 16),
(11, 17),
(11, 18),
(11, 19),
(11, 20),
(11, 21),
(11, 22),
(11, 23),
(11, 24),
(11, 25),
(11, 26),
(11, 27),
(11, 28),
(11, 29),
(11, 30),
(11, 31),
(11, 32),
(11, 33),
(11, 34),
(11, 35),
(11, 36),
(11, 37),
(11, 38),
(11, 39),
(11, 40),
(11, 41),
(11, 42),
(11, 43),
(11, 44),
(11, 45),
(11, 46),
(11, 47),
(11, 48),
(11, 49),
(11, 50),
(12, 1),
(12, 2),
(12, 3),
(12, 4),
(12, 5),
(12, 6),
(12, 7),
(12, 8),
(12, 9),
(12, 10),
(12, 11),
(12, 12),
(12, 13),
(12, 14),
(12, 15),
(12, 16),
(12, 17),
(12, 18),
(12, 19),
(12, 20),
(12, 21),
(12, 22),
(12, 23),
(12, 24),
(12, 25),
(12, 26),
(12, 27),
(12, 28),
(12, 29),
(12, 30),
(12, 31),
(12, 32),
(12, 33),
(12, 34),
(12, 35),
(12, 36),
(12, 37),
(12, 38),
(12, 39),
(12, 40),
(12, 41),
(12, 42),
(12, 43),
(12, 44),
(12, 45),
(12, 46),
(12, 47),
(12, 48),
(12, 49),
(12, 50),
(13, 1),
(13, 2),
(13, 3),
(13, 4),
(13, 5),
(13, 6),
(13, 7),
(13, 8),
(13, 9),
(13, 10),
(13, 11),
(13, 12),
(13, 13),
(13, 14),
(13, 15),
(13, 16),
(13, 17),
(13, 18),
(13, 19),
(13, 20),
(13, 21),
(13, 22),
(13, 23),
(13, 24),
(13, 25),
(13, 26),
(13, 27),
(13, 28),
(13, 29),
(13, 30),
(13, 31),
(13, 32),
(13, 33),
(13, 34),
(13, 35),
(13, 36),
(13, 37),
(13, 38),
(13, 39),
(13, 40),
(13, 41),
(13, 42),
(13, 43),
(13, 44),
(13, 45),
(13, 46),
(13, 47),
(13, 48),
(13, 49),
(13, 50),
(14, 1),
(14, 2),
(14, 3),
(14, 4),
(14, 5),
(14, 6),
(14, 7),
(14, 8),
(14, 9),
(14, 10),
(14, 11),
(14, 12),
(14, 13),
(14, 14),
(14, 15),
(14, 16),
(14, 17),
(14, 18),
(14, 19),
(14, 20),
(14, 21),
(14, 22),
(14, 23),
(14, 24),
(14, 25),
(14, 26),
(14, 27),
(14, 28),
(14, 29),
(14, 30),
(14, 31),
(14, 32),
(14, 33),
(14, 34),
(14, 35),
(14, 36),
(14, 37),
(14, 38),
(14, 39),
(14, 40),
(14, 41),
(14, 42),
(14, 43),
(14, 44),
(14, 45),
(14, 46),
(14, 47),
(14, 48),
(14, 49),
(14, 50),
(15, 1),
(15, 2),
(15, 3),
(15, 4),
(15, 5),
(15, 6),
(15, 7),
(15, 8),
(15, 9),
(15, 10),
(15, 11),
(15, 12),
(15, 13),
(15, 14),
(15, 15),
(15, 16),
(15, 17),
(15, 18),
(15, 19),
(15, 20),
(15, 21),
(15, 22),
(15, 23),
(15, 24),
(15, 25),
(15, 26),
(15, 27),
(15, 28),
(15, 29),
(15, 30),
(15, 31),
(15, 32),
(15, 33),
(15, 34),
(15, 35),
(15, 36),
(15, 37),
(15, 38),
(15, 39),
(15, 40),
(15, 41),
(15, 42),
(15, 43),
(15, 44),
(15, 45),
(15, 46),
(15, 47),
(15, 48),
(15, 49),
(15, 50);

--
-- Volcado de datos para la tabla `formuxpregunxresp`
--

INSERT INTO `formuxpregunxresp` (`id_formulario`, `id_pregunta`, `id_respuesta`) VALUES
(1, 1, 1),
(1, 2, 6),
(1, 3, 8),
(1, 4, 10),
(1, 5, 12),
(1, 8, 14),
(1, 9, 13),
(1, 10, 12),
(1, 11, 13),
(1, 12, 12),
(1, 13, 13),
(1, 15, 12),
(1, 16, 12),
(1, 17, 13),
(1, 18, 12),
(1, 19, 12),
(1, 20, 18),
(1, 21, 21),
(1, 22, 13),
(1, 23, 13),
(1, 24, 12),
(1, 25, 24),
(1, 26, 13),
(1, 27, 13),
(1, 28, 12),
(1, 29, 12),
(1, 30, 13),
(1, 31, 12),
(1, 32, 12),
(1, 33, 12),
(1, 34, 13),
(1, 35, 12),
(1, 35, 13),
(1, 36, 12),
(1, 37, 13),
(1, 38, 13),
(1, 39, 12),
(1, 40, 13),
(1, 41, 12),
(1, 42, 13),
(1, 43, 28),
(1, 44, 12),
(1, 45, 13),
(1, 46, 12),
(1, 47, 13),
(1, 48, 12),
(1, 49, 13),
(1, 50, 13),
(2, 2, 5),
(2, 3, 8),
(1, 1, 1),
(1, 2, 6),
(1, 3, 8),
(1, 4, 10),
(1, 5, 12),
(1, 8, 14),
(1, 9, 13),
(1, 10, 12),
(1, 11, 13),
(1, 12, 12),
(1, 13, 13),
(1, 15, 12),
(1, 16, 12),
(1, 17, 13),
(1, 18, 12),
(1, 19, 12),
(1, 20, 18),
(1, 21, 21),
(1, 22, 13),
(1, 23, 13),
(1, 24, 12),
(1, 25, 24),
(1, 26, 13),
(1, 27, 13),
(1, 28, 12),
(1, 29, 12),
(1, 30, 13),
(1, 31, 12),
(1, 32, 12),
(1, 33, 12),
(1, 34, 13),
(1, 35, 12),
(1, 35, 13),
(1, 36, 12),
(1, 37, 13),
(1, 38, 13),
(1, 39, 12),
(1, 40, 13),
(1, 41, 12),
(1, 42, 13),
(1, 43, 28),
(1, 44, 12),
(1, 45, 13),
(1, 46, 12),
(1, 47, 13),
(1, 48, 12),
(1, 49, 13),
(1, 50, 13),
(2, 1, 3),
(2, 2, 5),
(2, 3, 8),
(2, 4, 10),
(2, 5, 12),
(2, 8, 14),
(2, 9, 12),
(2, 10, 12),
(2, 11, 12),
(2, 12, 13),
(2, 13, 13),
(2, 15, 12),
(2, 16, 13),
(2, 17, 13),
(2, 18, 13),
(2, 19, 13),
(2, 20, 18),
(2, 21, 21),
(2, 22, 12),
(2, 23, 12),
(2, 24, 13),
(2, 25, 24),
(2, 26, 12),
(2, 27, 13),
(2, 28, 13),
(2, 29, 12),
(2, 30, 12),
(2, 31, 13),
(2, 32, 13),
(2, 33, 12),
(2, 34, 13),
(2, 35, 13),
(2, 35, 13),
(2, 36, 13),
(2, 37, 12),
(2, 38, 13),
(2, 39, 13),
(2, 40, 11),
(2, 41, 12),
(2, 42, 13),
(2, 43, 28),
(2, 44, 12),
(2, 45, 12),
(2, 46, 13),
(2, 47, 13),
(2, 48, 13),
(2, 49, 12),
(2, 50, 12),
(3, 1, 3),
(3, 2, 5),
(3, 3, 8),
(3, 4, 10),
(3, 5, 12),
(3, 8, 14),
(3, 9, 12),
(3, 10, 12),
(3, 11, 12),
(3, 12, 13),
(3, 13, 13),
(3, 15, 12),
(3, 16, 13),
(3, 17, 13),
(3, 18, 13),
(3, 19, 13),
(3, 20, 18),
(3, 21, 21),
(3, 22, 12),
(3, 23, 12),
(3, 24, 13),
(3, 25, 24),
(3, 26, 12),
(3, 27, 13),
(3, 28, 13),
(3, 29, 12),
(3, 30, 12),
(3, 31, 13),
(3, 32, 13),
(3, 33, 12),
(3, 34, 13),
(3, 35, 13),
(3, 35, 13),
(3, 36, 13),
(3, 37, 12),
(3, 38, 13),
(3, 39, 13),
(3, 40, 11),
(3, 41, 12),
(3, 42, 13),
(3, 43, 28),
(3, 44, 12),
(3, 45, 12),
(3, 46, 13),
(3, 47, 13),
(3, 48, 13),
(3, 49, 12),
(3, 50, 12),
(4, 1, 3),
(4, 2, 5),
(4, 3, 8),
(4, 4, 10),
(4, 5, 12),
(4, 8, 14),
(4, 9, 13),
(4, 10, 12),
(4, 11, 13),
(4, 12, 13),
(4, 13, 12),
(4, 15, 13),
(4, 16, 13),
(4, 17, 13),
(4, 18, 12),
(4, 19, 12),
(4, 20, 18),
(4, 21, 23),
(4, 22, 12),
(4, 23, 12),
(4, 24, 13),
(4, 25, 24),
(4, 26, 12),
(4, 27, 12),
(4, 28, 12),
(4, 29, 13),
(4, 30, 12),
(4, 31, 13),
(4, 32, 13),
(4, 33, 12),
(4, 34, 13),
(4, 35, 13),
(4, 35, 12),
(4, 36, 13),
(4, 37, 12),
(4, 38, 13),
(4, 39, 13),
(4, 40, 11),
(4, 41, 12),
(4, 42, 13),
(4, 43, 28),
(4, 44, 13),
(4, 45, 13),
(4, 46, 12),
(4, 47, 12),
(4, 48, 12),
(4, 49, 13),
(4, 50, 12),
(5, 1, 1),
(5, 2, 4),
(5, 3, 8),
(5, 4, 10),
(5, 5, 12),
(5, 8, 14),
(5, 9, 13),
(5, 10, 13),
(5, 11, 12),
(5, 12, 12),
(5, 13, 12),
(5, 15, 13),
(5, 16, 13),
(5, 17, 12),
(5, 18, 13),
(5, 19, 13),
(5, 20, 18),
(5, 21, 22),
(5, 22, 13),
(5, 23, 12),
(5, 24, 13),
(5, 25, 24),
(5, 26, 13),
(5, 27, 13),
(5, 28, 13),
(5, 29, 12),
(5, 30, 12),
(5, 31, 13),
(5, 32, 13),
(5, 33, 12),
(5, 34, 13),
(5, 35, 13),
(5, 35, 13),
(5, 36, 13),
(5, 37, 12),
(5, 38, 12),
(5, 39, 13),
(5, 40, 11),
(5, 41, 13),
(5, 42, 13),
(5, 43, 28),
(5, 44, 12),
(5, 45, 13),
(5, 46, 13),
(5, 47, 13),
(5, 48, 13),
(5, 49, 13),
(5, 50, 12),
(1, 1, 1),
(1, 2, 6),
(1, 3, 8),
(1, 4, 10),
(1, 5, 12),
(1, 8, 14),
(1, 9, 13),
(1, 10, 12),
(1, 11, 13),
(1, 12, 12),
(1, 13, 13),
(1, 15, 12),
(1, 16, 12),
(1, 17, 13),
(1, 18, 12),
(1, 19, 12),
(1, 20, 18),
(1, 21, 21),
(1, 22, 13),
(1, 23, 13),
(1, 24, 12),
(1, 25, 24),
(1, 26, 13),
(1, 27, 13),
(1, 28, 12),
(1, 29, 12),
(1, 30, 13),
(1, 31, 12),
(1, 32, 12),
(1, 33, 12),
(1, 34, 13),
(1, 35, 12),
(1, 35, 13),
(1, 36, 12),
(1, 37, 13),
(1, 38, 13),
(1, 39, 12),
(1, 40, 13),
(1, 41, 12),
(1, 42, 13),
(1, 43, 28),
(1, 44, 12),
(1, 45, 13),
(1, 46, 12),
(1, 47, 13),
(1, 48, 12),
(1, 49, 13),
(1, 50, 13),
(2, 1, 3),
(2, 2, 5),
(2, 3, 8),
(2, 4, 10),
(2, 5, 12),
(2, 8, 14),
(2, 9, 12),
(2, 10, 12),
(2, 11, 12),
(2, 12, 13),
(2, 13, 13),
(2, 15, 12),
(2, 16, 13),
(2, 17, 13),
(2, 18, 13),
(2, 19, 13),
(2, 20, 18),
(2, 21, 21),
(2, 22, 12),
(2, 23, 12),
(2, 24, 13),
(2, 25, 24),
(2, 26, 12),
(2, 27, 13),
(2, 28, 13),
(2, 29, 12),
(2, 30, 12),
(2, 31, 13),
(2, 32, 13),
(2, 33, 12),
(2, 34, 13),
(2, 35, 13),
(2, 35, 13),
(2, 36, 13),
(2, 37, 12),
(2, 38, 13),
(2, 39, 13),
(2, 40, 11),
(2, 41, 12),
(2, 42, 13),
(2, 43, 28),
(2, 44, 12),
(2, 45, 12),
(2, 46, 13),
(2, 47, 13),
(2, 48, 13),
(2, 49, 12),
(2, 50, 12),
(3, 1, 3),
(3, 2, 5),
(3, 3, 8),
(3, 4, 10),
(3, 5, 12),
(3, 8, 14),
(3, 9, 12),
(3, 10, 12),
(3, 11, 12),
(3, 12, 13),
(3, 13, 13),
(3, 15, 12),
(3, 16, 13),
(3, 17, 13),
(3, 18, 13),
(3, 19, 13),
(3, 20, 18),
(3, 21, 21),
(3, 22, 12),
(3, 23, 12),
(3, 24, 13),
(3, 25, 24),
(3, 26, 12),
(3, 27, 13),
(3, 28, 13),
(3, 29, 12),
(3, 30, 12),
(3, 31, 13),
(3, 32, 13),
(3, 33, 12),
(3, 34, 13),
(3, 35, 13),
(3, 35, 13),
(3, 36, 13),
(3, 37, 12),
(3, 38, 13),
(3, 39, 13),
(3, 40, 11),
(3, 41, 12),
(3, 42, 13),
(3, 43, 28),
(3, 44, 12),
(3, 45, 12),
(3, 46, 13),
(3, 47, 13),
(3, 48, 13),
(3, 49, 12),
(3, 50, 12),
(4, 1, 3),
(4, 2, 5),
(4, 3, 8),
(4, 4, 10),
(4, 5, 12),
(4, 8, 14),
(4, 9, 13),
(4, 10, 12),
(4, 11, 13),
(4, 12, 13),
(4, 13, 12),
(4, 15, 13),
(4, 16, 13),
(4, 17, 13),
(4, 18, 12),
(4, 19, 12),
(4, 20, 18),
(4, 21, 23),
(4, 22, 12),
(4, 23, 12),
(4, 24, 13),
(4, 25, 24),
(4, 26, 12),
(4, 27, 12),
(4, 28, 12),
(4, 29, 13),
(4, 30, 12),
(4, 31, 13),
(4, 32, 13),
(4, 33, 12),
(4, 34, 13),
(4, 35, 13),
(4, 35, 12),
(4, 36, 13),
(4, 37, 12),
(4, 38, 13),
(4, 39, 13),
(4, 40, 11),
(4, 41, 12),
(4, 42, 13),
(4, 43, 28),
(4, 44, 13),
(4, 45, 13),
(4, 46, 12),
(4, 47, 12),
(4, 48, 12),
(4, 49, 13),
(4, 50, 12),
(5, 1, 1),
(5, 2, 4),
(5, 3, 8),
(5, 4, 10),
(5, 5, 12),
(5, 8, 14),
(5, 9, 13),
(5, 10, 13),
(5, 11, 12),
(5, 12, 12),
(5, 13, 12),
(5, 15, 13),
(5, 16, 13),
(5, 17, 12),
(5, 18, 13),
(5, 19, 13),
(5, 20, 18),
(5, 21, 22),
(5, 22, 13),
(5, 23, 12),
(5, 24, 13),
(5, 25, 24),
(5, 26, 13),
(5, 27, 13),
(5, 28, 13),
(5, 29, 12),
(5, 30, 12),
(5, 31, 13),
(5, 32, 13),
(5, 33, 12),
(5, 34, 13),
(5, 35, 13),
(5, 35, 13),
(5, 36, 13),
(5, 37, 12),
(5, 38, 12),
(5, 39, 13),
(5, 40, 11),
(5, 41, 13),
(5, 42, 13),
(5, 43, 28),
(5, 44, 12),
(5, 45, 13),
(5, 46, 13),
(5, 47, 13),
(5, 48, 13),
(5, 49, 13),
(5, 50, 12);

--
-- Volcado de datos para la tabla `grupo`
--

INSERT INTO `grupo` (`num_Grupo`, `id_municipio`) VALUES
(26, 1),
(38, 1),
(94, 13),
(65, 15),
(70, 15),
(42, 17),
(87, 18),
(1, 20),
(71, 28),
(8, 30),
(31, 31),
(81, 33),
(49, 37),
(59, 45),
(15, 46),
(30, 46),
(63, 50),
(72, 51),
(84, 51),
(16, 53),
(5, 55),
(55, 56),
(45, 57),
(52, 59),
(82, 63),
(40, 71),
(99, 71),
(54, 75),
(10, 80),
(21, 83),
(28, 86),
(14, 92),
(85, 92),
(29, 93),
(48, 94),
(60, 99),
(67, 99),
(34, 101),
(61, 107),
(92, 109),
(74, 111),
(3, 112),
(41, 112),
(96, 112),
(7, 116),
(4, 117),
(37, 119),
(47, 120),
(57, 121),
(23, 122),
(83, 132),
(95, 134),
(44, 137),
(78, 142),
(93, 143),
(68, 149),
(43, 160),
(62, 160),
(35, 162),
(97, 162),
(69, 164),
(39, 169),
(88, 172),
(24, 173),
(2, 175),
(51, 181),
(13, 182),
(80, 183),
(33, 189),
(50, 189),
(58, 196),
(19, 197),
(46, 199),
(17, 201),
(22, 201),
(66, 207),
(86, 207),
(73, 211),
(100, 211),
(18, 212),
(56, 213),
(76, 215),
(53, 218),
(89, 219),
(32, 221),
(64, 223),
(90, 224),
(75, 226),
(91, 230),
(25, 233),
(9, 234),
(77, 240),
(11, 245),
(6, 247),
(36, 247),
(27, 250),
(79, 250),
(98, 253),
(12, 255),
(20, 256);

--
-- Volcado de datos para la tabla `institucion`
--

INSERT INTO `institucion` (`id_Institucion`, `nombre`) VALUES
(1, 'FANDAUNGO'),
(2, 'FLACSO'),
(3, 'UCA'),
(4, 'UDB');

--
-- Volcado de datos para la tabla `jrv`
--

INSERT INTO `jrv` (`id_JRV`, `id_centro_vot`) VALUES
(44, 2),
(38, 4),
(69, 4),
(56, 5),
(79, 5),
(100, 5),
(95, 6),
(73, 7),
(81, 7),
(96, 7),
(31, 8),
(88, 8),
(64, 9),
(48, 10),
(14, 11),
(66, 11),
(19, 14),
(54, 16),
(98, 16),
(17, 17),
(53, 18),
(65, 18),
(33, 19),
(39, 20),
(68, 20),
(25, 21),
(13, 22),
(32, 22),
(36, 22),
(61, 22),
(23, 25),
(57, 25),
(74, 25),
(6, 28),
(7, 28),
(15, 29),
(2, 30),
(99, 30),
(40, 38),
(77, 38),
(35, 42),
(9, 44),
(8, 45),
(12, 45),
(91, 45),
(18, 46),
(63, 46),
(55, 50),
(24, 51),
(82, 52),
(85, 54),
(86, 54),
(37, 55),
(49, 55),
(70, 55),
(1, 56),
(84, 57),
(67, 58),
(21, 59),
(71, 60),
(75, 60),
(29, 62),
(20, 63),
(22, 63),
(46, 63),
(58, 63),
(97, 63),
(47, 64),
(76, 64),
(3, 65),
(11, 65),
(42, 65),
(43, 66),
(87, 66),
(5, 70),
(45, 70),
(59, 73),
(92, 73),
(34, 74),
(28, 76),
(62, 76),
(4, 79),
(41, 80),
(51, 83),
(78, 85),
(90, 85),
(10, 86),
(93, 86),
(94, 89),
(26, 90),
(52, 90),
(72, 90),
(30, 92),
(16, 93),
(60, 93),
(83, 94),
(89, 94),
(50, 95),
(27, 99),
(80, 100);

--
-- Volcado de datos para la tabla `marca`
--

INSERT INTO `marca` (`id_marca`, `nombre`) VALUES
(2, 'Samsung'),
(3, 'Apple'),
(4, 'Xiaomi'),
(5, 'Huawei'),
(6, 'NOKIA'),
(7, 'LG'),
(8, 'Sony'),
(9, 'Nokia'),
(10, 'Microsoft'),
(11, 'Motorola'),
(12, 'HTC'),
(13, 'Microsoft'),
(14, 'BlackBerry'),
(15, 'Asus'),
(16, 'ZTE'),
(17, 'Nokia'),
(18, 'Microsoft'),
(19, 'Meizu'),
(20, 'Lanix'),
(21, 'Oppo');

--
-- Volcado de datos para la tabla `modelo`
--

INSERT INTO `modelo` (`id_modelo`, `nombre`) VALUES
(1, 'Iphone 6'),
(2, 'xia4z10'),
(3, 'Iphone 6'),
(4, 'Iphone X'),
(5, 'Galaxy S7'),
(6, 'Galaxy S9'),
(7, 'XIAOMI Mi 5s'),
(8, 'Redmi pro'),
(9, '8520');

--
-- Volcado de datos para la tabla `municipio`
--

INSERT INTO `municipio` (`id_Municipio`, `nombre`, `id_departamento`) VALUES
(1, 'Ahuachapán', 1),
(2, 'Jujutla', 1),
(3, 'Atiquizaya', 1),
(4, 'Concepción de Ataco', 1),
(5, 'El Refugio', 1),
(6, 'Guaymango', 1),
(7, 'Apaneca', 1),
(8, 'San Francisco Menéndez', 1),
(9, 'San Lorenzo', 1),
(10, 'San Pedro Puxtla', 1),
(11, 'Tacuba', 1),
(12, 'Turín', 1),
(13, 'Candelaria de la Frontera', 2),
(14, 'Chalchuapa', 2),
(15, 'Coatepeque', 2),
(16, 'El Congo', 2),
(17, 'El Porvenir', 2),
(18, 'Masahuat', 2),
(19, 'Metapán', 2),
(20, 'San Antonio Pajonal', 2),
(21, 'San Sebastián Salitrillo', 2),
(22, 'Santa Ana', 2),
(23, 'Santa Rosa Guachipilín', 2),
(24, 'Santiago de la Frontera', 2),
(25, 'Texistepeque', 2),
(26, 'Acajutla', 3),
(27, 'Armenia', 3),
(28, 'Caluco', 3),
(29, 'Cuisnahuat', 3),
(30, 'Izalco', 3),
(31, 'Juayúa', 3),
(32, 'Nahuizalco', 3),
(33, 'Nahulingo', 3),
(34, 'Salcoatitán', 3),
(35, 'San Antonio del Monte', 3),
(36, 'San Julián', 3),
(37, 'Santa Catarina Masahuat', 3),
(38, 'Santa Isabel Ishuatán', 3),
(39, 'Santo Domingo de Guzmán', 3),
(40, 'Sonsonate', 3),
(41, 'Sonzacate', 3),
(42, 'Alegría', 11),
(43, 'Berlín', 11),
(44, 'California', 11),
(45, 'Concepción Batres', 11),
(46, 'El Triunfo', 11),
(47, 'Ereguayquín', 11),
(48, 'Estanzuelas', 11),
(49, 'Jiquilisco', 11),
(50, 'Jucuapa', 11),
(51, 'Jucuarán', 11),
(52, 'Mercedes Umaña', 11),
(53, 'Nueva Granada', 11),
(54, 'Ozatlán', 11),
(55, 'Puerto El Triunfo', 11),
(56, 'San Agustín', 11),
(57, 'San Buenaventura', 11),
(58, 'San Dionisio', 11),
(59, 'San Francisco Javier', 11),
(60, 'Santa Elena', 11),
(61, 'Santa María', 11),
(62, 'Santiago de María', 11),
(63, 'Tecapán', 11),
(64, 'Usulután', 11),
(65, 'Carolina', 13),
(66, 'Chapeltique', 13),
(67, 'Chinameca', 13),
(68, 'Chirilagua', 13),
(69, 'Ciudad Barrios', 13),
(70, 'Comacarán', 13),
(71, 'El Tránsito', 13),
(72, 'Lolotique', 13),
(73, 'Moncagua', 13),
(74, 'Nueva Guadalupe', 13),
(75, 'Nuevo Edén de San Juan', 13),
(76, 'Quelepa', 13),
(77, 'San Antonio del Mosco', 13),
(78, 'San Gerardo', 13),
(79, 'San Jorge', 13),
(80, 'San Luis de la Reina', 13),
(81, 'San Miguel', 13),
(82, 'San Rafael Oriente', 13),
(83, 'Sesori', 13),
(84, 'Uluazapa', 13),
(85, 'Arambala', 12),
(86, 'Cacaopera', 12),
(87, 'Chilanga', 12),
(88, 'Corinto', 12),
(89, 'Delicias de Concepción', 12),
(90, 'El Divisadero', 12),
(91, 'El Rosario (Morazán)', 12),
(92, 'Gualococti', 12),
(93, 'Guatajiagua', 12),
(94, 'Joateca', 12),
(95, 'Jocoaitique', 12),
(96, 'Jocoro', 12),
(97, 'Lolotiquillo', 12),
(98, 'Meanguera', 12),
(99, 'Osicala', 12),
(100, 'Perquín', 12),
(101, 'San Carlos', 12),
(102, 'San Fernando (Morazán)', 12),
(103, 'San Francisco Gotera', 12),
(104, 'San Isidro (Morazán)', 12),
(105, 'San Simón', 12),
(106, 'Sensembra', 12),
(107, 'Sociedad', 12),
(108, 'Torola', 12),
(109, 'Yamabal', 12),
(110, 'Yoloaiquín', 12),
(111, 'La Unión', 14),
(112, 'San Alejo', 14),
(113, 'Yucuaiquín', 14),
(114, 'Conchagua', 14),
(115, 'Intipucá', 14),
(116, 'San José', 14),
(117, 'El Carmen (La Unión)', 14),
(118, 'Yayantique', 14),
(119, 'Bolívar', 14),
(120, 'Meanguera del Golfo', 14),
(121, 'Santa Rosa de Lima', 14),
(122, 'Pasaquina', 14),
(123, 'Anamoros', 14),
(124, 'Nueva Esparta', 14),
(125, 'El Sauce', 14),
(126, 'Concepción de Oriente', 14),
(127, 'Polorós', 14),
(128, 'Lislique', 14),
(129, 'Antiguo Cuscatlán', 4),
(130, 'Chiltiupán', 4),
(131, 'Ciudad Arce', 4),
(132, 'Colón', 4),
(133, 'Comasagua', 4),
(134, 'Huizúcar', 4),
(135, 'Jayaque', 4),
(136, 'Jicalapa', 4),
(137, 'La Libertad', 4),
(138, 'Santa Tecla', 4),
(139, 'Nuevo Cuscatlán', 4),
(140, 'San Juan Opico', 4),
(141, 'Quezaltepeque', 4),
(142, 'Sacacoyo', 4),
(143, 'San José Villanueva', 4),
(144, 'San Matías', 4),
(145, 'San Pablo Tacachico', 4),
(146, 'Talnique', 4),
(147, 'Tamanique', 4),
(148, 'Teotepeque', 4),
(149, 'Tepecoyo', 4),
(150, 'Zaragoza', 4),
(151, 'Agua Caliente', 5),
(152, 'Arcatao', 5),
(153, 'Azacualpa', 5),
(154, 'Cancasque', 5),
(155, 'Chalatenango', 5),
(156, 'Citalá', 5),
(157, 'Comapala', 5),
(158, 'Concepción Quezaltepeque', 5),
(159, 'Dulce Nombre de María', 5),
(160, 'El Carrizal', 5),
(161, 'El Paraíso', 5),
(162, 'La Laguna', 5),
(163, 'La Palma', 5),
(164, 'La Reina', 5),
(165, 'Las Vueltas', 5),
(166, 'Nueva Concepción', 5),
(167, 'Nueva Trinidad', 5),
(168, 'Nombre de Jesús', 5),
(169, 'Ojos de Agua', 5),
(170, 'Potonico', 5),
(171, 'San Antonio de la Cruz', 5),
(172, 'San Antonio Los Ranchos', 5),
(173, 'San Fernando (Chalatenango)', 5),
(174, 'San Francisco Lempa', 5),
(175, 'San Francisco Morazán', 5),
(176, 'San Ignacio', 5),
(177, 'San Isidro Labrador', 5),
(178, 'Las Flores', 5),
(179, 'San Luis del Carmen', 5),
(180, 'San Miguel de Mercedes', 5),
(181, 'San Rafael', 5),
(182, 'Santa Rita', 5),
(183, 'Tejutla', 5),
(184, 'Cojutepeque', 7),
(185, 'Candelaria', 7),
(186, 'El Carmen (Cuscatlán)', 7),
(187, 'El Rosario (Cuscatlán)', 7),
(188, 'Monte San Juan', 7),
(189, 'Oratorio de Concepción', 7),
(190, 'San Bartolomé Perulapía', 7),
(191, 'San Cristóbal', 7),
(192, 'San José Guayabal', 7),
(193, 'San Pedro Perulapán', 7),
(194, 'San Rafael Cedros', 7),
(195, 'San Ramón', 7),
(196, 'Santa Cruz Analquito', 7),
(197, 'Santa Cruz Michapa', 7),
(198, 'Suchitoto', 7),
(199, 'Tenancingo', 7),
(200, 'Aguilares', 6),
(201, 'Apopa', 6),
(202, 'Ayutuxtepeque', 6),
(203, 'Cuscatancingo', 6),
(204, 'Ciudad Delgado', 6),
(205, 'El Paisnal', 6),
(206, 'Guazapa', 6),
(207, 'Ilopango', 6),
(208, 'Mejicanos', 6),
(209, 'Nejapa', 6),
(210, 'Panchimalco', 6),
(211, 'Rosario de Mora', 6),
(212, 'San Marcos', 6),
(213, 'San Martín', 6),
(214, 'San Salvador', 6),
(215, 'Santiago Texacuangos', 6),
(216, 'Santo Tomás', 6),
(217, 'Soyapango', 6),
(218, 'Tonacatepeque', 6),
(219, 'Zacatecoluca', 8),
(220, 'Cuyultitán', 8),
(221, 'El Rosario (La Paz)', 8),
(222, 'Jerusalén', 8),
(223, 'Mercedes La Ceiba', 8),
(224, 'Olocuilta', 8),
(225, 'Paraíso de Osorio', 8),
(226, 'San Antonio Masahuat', 8),
(227, 'San Emigdio', 8),
(228, 'San Francisco Chinameca', 8),
(229, 'San Pedro Masahuat', 8),
(230, 'San Juan Nonualco', 8),
(231, 'San Juan Talpa', 8),
(232, 'San Juan Tepezontes', 8),
(233, 'San Luis La Herradura', 8),
(234, 'San Luis Talpa', 8),
(235, 'San Miguel Tepezontes', 8),
(236, 'San Pedro Nonualco', 8),
(237, 'San Rafael Obrajuelo', 8),
(238, 'Santa María Ostuma', 8),
(239, 'Santiago Nonualco', 8),
(240, 'Tapalhuaca', 8),
(241, 'Cinquera', 9),
(242, 'Dolores', 9),
(243, 'Guacotecti', 9),
(244, 'Ilobasco', 9),
(245, 'Jutiapa', 9),
(246, 'San Isidro (Cabañas)', 9),
(247, 'Sensuntepeque', 9),
(248, 'Tejutepeque', 9),
(249, 'Victoria', 9),
(250, 'Apastepeque', 10),
(251, 'Guadalupe', 10),
(252, 'San Cayetano Istepeque', 10),
(253, 'San Esteban Catarina', 10),
(254, 'San Ildefonso', 10),
(255, 'San Lorenzo', 10),
(256, 'San Sebastián', 10),
(257, 'San Vicente', 10),
(258, 'Santa Clara', 10),
(259, 'Santo Domingo', 10),
(260, 'Tecoluca', 10),
(261, 'Tepetitán', 10),
(262, 'Verapaz', 10);

--
-- Volcado de datos para la tabla `nombre_so`
--

INSERT INTO `nombre_so` (`id_nom_SO`, `nombre`) VALUES
(1, 'SYMBIAN'),
(2, 'WINDOWS PHONE'),
(3, 'Blackberry OS'),
(4, 'iOS'),
(5, 'NOKIA');

--
-- Volcado de datos para la tabla `persona`
--

INSERT INTO `persona` (`id_Persona`, `nombre`, `apellido`, `direccion`, `email`, `num_fijo`, `supervisor`, `id_dui`, `id_institucion`, `id_num_grupo`, `id_formulario`) VALUES
(1, 'Daniel Alejandro', 'Rodrigues', '5° Calle poniente, Pasaje las Luces', 'danielDanny@hotmail.com', '2253-2133', b'0', '05935461-3', 1, 20, 1),
(2, 'Carlos Jose', 'Santana', '69° Avenida norte, prologacion calle La Paz', 'SantanaCarlos69@gmail.com', '2420-2069', b'0', '03434521-5', 3, 24, 2),
(3, 'Ricardo Manuel', 'Martinez', '42° Avenida sur, Mano derecha, casa #420', 'rickiMartin9@gmail.com', '2432-2059', b'0', '02313421-8', 4, 35, 3),
(4, 'Maximiliano', 'Martinez', 'Monumento a la revolucion el mozote', 'didmtwrong1932@ghotmail.com', '2421-1932', b'0', '12934234-2', 3, 34, 4),
(5, 'Diego', 'Lopez', 'Calle las luces, colonia no.42', 'sv_diego65@gmail.com', '2342-2216', b'0', '05427121-1', 2, 35, 5),
(6, 'Jorge', 'Borja', 'Avenida las cruces, bajo prolongacion', 'elBorja2154@gmail.com', '2543-4321', b'0', '01434526-1', 1, 10, 6),
(7, 'Jorge', 'Arbusto', 'Monumento a las torres, casa 9-11 ', 'neverForgetti911@gmail.com', '2524-0911', b'0', '04334621-5', 1, 28, 7),
(8, 'Fidel ', 'Castro', 'Avenida las cruces, bajo prolongacion', 'fc141@gmail.com', '2543-4321', b'0', '65432432-8', 2, 28, 8),
(9, 'Ernesto', 'Guevara', '4 calle a oriente, colonia miramar', 'EdgetE164@gmail.com', '2543-8901', b'0', '03423524-6', 3, 51, 9),
(10, 'Michael', 'Bahia', '96 calle, camino al sur', 'explossionsftw@gmail.com', '2543-4321', b'0', '04564217-4', 1, 13, 10),
(11, 'Josue', 'Nicols', '85 avenida sur, calle el tropicon', 'etwe1544@gmail.com', '2243-9621', b'0', '03543475-1', 1, 13, 11),
(12, 'Marcos', 'Foster', '12 calle al este, monumento al heroe H.', 'FTP4ever@gmail.com', '2123-6221', b'1', '05431175-4', 4, 82, 12),
(13, 'Bill', 'Puertas', 'Cali four square, 420 avenida poniente', 'gates01@gmail.com', '2313-1231', b'0', '65341411-5', 2, 69, 13),
(14, 'Francisco', 'Flores', 'Calle el progreso, 134 calle sur', 'Saquito1km@gmail.com', '1233-2181', b'0', '03543275-8', 3, 20, 14),
(15, 'Josseline', 'Flores', 'Calle alan Brito D. #45', 'exdu231@gmail.com', '2533-52`1', b'0', '03543151-3', 3, 62, 15);

--
-- Volcado de datos para la tabla `pregunta`
--

INSERT INTO `pregunta` (`id_pregunta`, `pregunta`) VALUES
(1, '¿A qué hora llegaron al Centro de Votación los paquetes electorales para efectuar la votación?'),
(2, '¿A qué hora se instalaron los miembros de la JRV?'),
(3, 'La disposición de los paquetes electorales para las JRV fue:'),
(4, 'La JRV se integró con:'),
(5, 'Se recurrió a la JEM para integrar la JRV:'),
(6, '¿Con cuántos hombres se integró la JRV'),
(7, '¿Con cuántas mujeres se integró la JRV'),
(8, 'Si la JRV no se integró, se debió a:'),
(9, '¿Los miembros de la JRV verificaron que las urnas estaban vacías?'),
(10, '¿Las papeletas de votación fueron contadas, firmadas y selladas por el secretario o secretaria de la'),
(11, '¿Existe la presencia de otros observadores nacionales o extranjeros?'),
(12, '¿Existe la presencia de representantes o vigilantes de partidos políticos?'),
(13, '¿Los miembros de la JRV instalaron el padrón de consulta a la vista de los votantes?'),
(14, 'Número de electores registrados en los padrones de la JRV'),
(15, '¿La ubicación de los anaqueles de votación garantizan una votación libre y secreta?'),
(16, '¿Para la firma del acta de instalación de la JRV por los miembros de la JRV y vigilantes de los part'),
(17, '¿Firmaron todos los vigilantes de los partidos políticos el acta de instalación de la JRV?'),
(18, '¿Antes de iniciar la votación, se dio cumplimiento al art. 195 del Código Electoral, en cuanto a la '),
(19, 'Se dio cumplimiento al procedimiento para votar, establecido en el art. 195 párrafo 2 y 3 del Código'),
(20, 'La hora de inicio de la votación en la JRV, para los electores del padrón fue:'),
(21, 'Si hubo atraso en el inicio de la votación se debió a:'),
(22, '¿La JRV exige a los ciudadanos que van a votar, su identificación con el DUI?'),
(23, '¿La JRV verifica que los ciudadanos aparezcan en el padrón de búsqueda?'),
(24, '¿La JRV denegó el ejercicio del sufragio a uno o varios ciudadanos?'),
(25, '¿Cuál fue el principal motivo por el que se denegó el ejercicio del sufragio a algún ciudadano?'),
(26, '¿La JRV verifica que los ciudadanos no tengan marca de tinta  indeleble antes de votar?'),
(27, '¿El secretario o secretaria de la JRV firma y sella, siempre, las papeletas de votación, antes de en'),
(28, '¿Al momento de votar, se garantiza a los ciudadanos el ejercicio de un voto libre?'),
(29, '¿Al momento de votar, se garantiza a los ciudadanos el ejercicio de un voto secreto?'),
(30, 'Al momento de votar, ¿la JRV les ha concedido a los votantes el tiempo necesario para marcar su pape'),
(31, 'Después de votar, ¿la JRV ha sido responsable siempre de que los votantes firmen o pongan la huella '),
(32, 'Después de votar, ¿la JRV ha sido responsable siempre de que los votantes introduzcan su dedo pulgar'),
(33, 'Después de votar, ¿la JRV ha sido responsable siempre en devolverle el DUI a los votantes?'),
(34, '¿La mesa de la JRV es accesible para personas discapacitadas?'),
(35, 'En el caso haya habido votación \r\nasistida a algún ciudadano, ¿se le ofreció al votante facilidad pa'),
(36, 'Al interior del Centro de Votación, ¿existía presencia de personas que influían u orientaban al ciud'),
(37, '¿Al interior del Centro de Votación se realizaron actos de propaganda electoral?'),
(38, 'Durante la votación, ¿estuvieron siempre los vigilantes de los partidos políticos?'),
(39, 'Durante la votación, ¿hubo la presencia razonable de elementos de la seguridad pública?'),
(40, 'Durante la votación, los miembros de la JRV mostraron estar capacitados en el ejercicio de sus funci'),
(41, 'Durante la votación, ¿los miembros de la JRV se desempeñaron de forma imparcial?'),
(42, '¿Se mantuvo siempre abierta la JRV, sin interrupción, durante la jornada electoral?'),
(43, '¿A qué hora la JRV cerró el proceso de votación?'),
(44, '¿A la hora oficial de cierre (17:00 horas) habían ciudadanos haciendo cola para votar?'),
(45, '¿Había  presencia  de  vigilantes  de  partidos  políticos,  al  inicio  del  acta  de  cierre  de  '),
(46, '¿Había presencia de observadores electorales (nacionales o internacionales) al inicio del acta de ci'),
(47, '¿En el caso del Departamento de San Salvador, había presencia de observador acreditado por las candi'),
(48, '¿La JRV inició el llenado del acta de cierre de votación y escrutinio por la elección de diputados a'),
(49, '¿La JRV contó las papeletas sobrantes, y las inutilizadas si las hubiere, de ambas elecciones?'),
(50, '¿La JRV contó el número de firmas y huellas del padrón de firmas?');

--
-- Volcado de datos para la tabla `preguntaxrespuesta`
--

INSERT INTO `preguntaxrespuesta` (`id_pregunta`, `id_respuesta`, `otros`) VALUES
(1, 1, NULL),
(1, 2, NULL),
(1, 3, NULL),
(2, 4, NULL),
(2, 5, NULL),
(2, 6, NULL),
(3, 7, NULL),
(3, 8, NULL),
(4, 9, NULL),
(4, 10, NULL),
(4, 11, NULL),
(5, 12, NULL),
(5, 13, NULL),
(6, NULL, 'HOLA'),
(7, NULL, 'DE ACUERDO'),
(8, 14, NULL),
(8, 15, NULL),
(8, 16, NULL),
(9, 12, NULL),
(9, 13, NULL),
(10, 12, NULL),
(10, 13, NULL),
(11, 12, NULL),
(11, 13, NULL),
(12, 12, NULL),
(12, 13, NULL),
(13, 12, NULL),
(13, 13, NULL),
(14, NULL, 'HOLAAAAA'),
(15, 12, NULL),
(15, 13, NULL),
(16, 12, NULL),
(16, 13, NULL),
(17, 12, NULL),
(17, 13, NULL),
(18, 12, NULL),
(18, 13, NULL),
(19, 12, NULL),
(19, 13, NULL),
(20, 17, NULL),
(20, 18, NULL),
(20, 19, NULL),
(20, 20, NULL),
(21, 21, NULL),
(21, 22, NULL),
(21, 16, NULL),
(22, 12, NULL),
(22, 13, NULL),
(23, 12, NULL),
(23, 13, NULL),
(24, 12, NULL),
(24, 13, NULL),
(25, 22, NULL),
(25, 23, NULL),
(25, 24, NULL),
(26, 12, NULL),
(26, 13, NULL),
(27, 12, NULL),
(27, 13, NULL),
(28, 12, NULL),
(28, 13, NULL),
(29, 12, NULL),
(29, 13, NULL),
(30, 12, NULL),
(30, 13, NULL),
(31, 12, NULL),
(31, 13, NULL),
(32, 12, NULL),
(32, 13, NULL),
(33, 12, NULL),
(33, 13, NULL),
(34, 12, NULL),
(34, 13, NULL),
(35, 12, NULL),
(35, 13, NULL),
(36, 12, NULL),
(36, 13, NULL),
(37, 12, NULL),
(37, 13, NULL),
(38, 12, NULL),
(38, 13, NULL),
(39, 12, NULL),
(39, 13, NULL),
(40, 12, NULL),
(40, 13, NULL),
(41, 12, NULL),
(41, 13, NULL),
(42, 12, NULL),
(42, 13, NULL),
(43, 25, NULL),
(43, 26, NULL),
(43, 27, NULL),
(43, 28, NULL),
(44, 12, NULL),
(44, 13, NULL),
(45, 12, NULL),
(45, 13, NULL),
(46, 12, NULL),
(46, 13, NULL),
(47, 12, NULL),
(47, 13, NULL),
(48, 13, NULL),
(48, 13, NULL),
(49, 12, NULL),
(49, 13, NULL),
(50, 12, NULL),
(50, 13, NULL);

--
-- Volcado de datos para la tabla `respuesta`
--

INSERT INTO `respuesta` (`id_respuesta`, `respuesta_ce`) VALUES
(1, 'Antes de las 5:00 horas'),
(2, 'Entre las 5:00 y 6:00 horas'),
(3, 'Después de las 6:00 horas'),
(4, 'A las 6:00 horas'),
(5, 'Entre las 6:00 y 7:00 horas'),
(6, 'Después de las 7:00 horas'),
(7, 'Completa'),
(8, 'Incompleta'),
(9, 'Tres miembros '),
(10, 'Cuatro miembros'),
(11, 'Cinco miembros'),
(12, 'Sí '),
(13, 'No'),
(14, 'Número insuficiente de miembros'),
(15, 'Desórdenes'),
(16, 'Otros'),
(17, '7:00 am'),
(18, 'entre 7:05 am a 7:30am '),
(19, 'entre 7:30 am a 8:00am'),
(20, 'Después de las 8:00 am'),
(21, 'falta de materiales electorales'),
(22, 'Identificación incorrecta '),
(23, 'No se encontró en el padrón'),
(24, 'Otro'),
(25, 'Antes de las 17:00 hora'),
(26, 'A las 17:00 horas '),
(27, 'Entre las 17:00 y 18 horas'),
(28, 'Después de las 18:00 horas');

--
-- Volcado de datos para la tabla `sistema_op`
--

INSERT INTO `sistema_op` (`id_SO`, `id_nombre_SO`, `version_SO`) VALUES
(1, 1, 'OREO'),
(2, 1, 'NOUGGAT'),
(3, 1, 'MARSHMALLOW'),
(4, 2, '10.01'),
(5, 2, '11.00'),
(6, 3, '7.1.0');
COMMIT;

/*!40101 SET CHARACTER_SET_CLIENT=@OLD_CHARACTER_SET_CLIENT */;
/*!40101 SET CHARACTER_SET_RESULTS=@OLD_CHARACTER_SET_RESULTS */;
/*!40101 SET COLLATION_CONNECTION=@OLD_COLLATION_CONNECTION */;
